-- phpMyAdmin SQL Dump
-- version 5.2.1
-- https://www.phpmyadmin.net/
--
-- Host: 127.0.0.1
-- Generation Time: Dec 01, 2025 at 06:37 AM
-- Server version: 10.4.32-MariaDB
-- PHP Version: 8.2.12

SET SQL_MODE = "NO_AUTO_VALUE_ON_ZERO";
START TRANSACTION;
SET time_zone = "+00:00";


/*!40101 SET @OLD_CHARACTER_SET_CLIENT=@@CHARACTER_SET_CLIENT */;
/*!40101 SET @OLD_CHARACTER_SET_RESULTS=@@CHARACTER_SET_RESULTS */;
/*!40101 SET @OLD_COLLATION_CONNECTION=@@COLLATION_CONNECTION */;
/*!40101 SET NAMES utf8mb4 */;

--
-- Database: `db_inventoryweb`
--

-- --------------------------------------------------------

--
-- Table structure for table `failed_jobs`
--

CREATE TABLE `failed_jobs` (
  `id` bigint(20) UNSIGNED NOT NULL,
  `uuid` varchar(255) NOT NULL,
  `connection` text NOT NULL,
  `queue` text NOT NULL,
  `payload` longtext NOT NULL,
  `exception` longtext NOT NULL,
  `failed_at` timestamp NOT NULL DEFAULT current_timestamp()
) ENGINE=InnoDB DEFAULT CHARSET=utf8mb4 COLLATE=utf8mb4_unicode_ci;

-- --------------------------------------------------------

--
-- Table structure for table `migrations`
--

CREATE TABLE `migrations` (
  `id` int(10) UNSIGNED NOT NULL,
  `migration` varchar(255) NOT NULL,
  `batch` int(11) NOT NULL
) ENGINE=InnoDB DEFAULT CHARSET=utf8mb4 COLLATE=utf8mb4_unicode_ci;

--
-- Dumping data for table `migrations`
--

INSERT INTO `migrations` (`id`, `migration`, `batch`) VALUES
(1, '2019_08_19_000000_create_failed_jobs_table', 1),
(2, '2019_12_14_000001_create_personal_access_tokens_table', 1),
(3, '2022_10_31_061811_create_menu_table', 1),
(4, '2022_11_01_041110_create_table_role', 1),
(5, '2022_11_01_083314_create_table_user', 1),
(6, '2022_11_03_023905_create_table_submenu', 1),
(7, '2022_11_03_064417_create_tbl_akses', 1),
(8, '2022_11_08_024215_create_tbl_web', 1),
(9, '2022_11_15_131148_create_tbl_jenisbarang', 2),
(10, '2022_11_15_173700_create_tbl_satuan', 3),
(11, '2022_11_15_180434_create_tbl_merk', 4),
(12, '2022_11_16_120018_create_tbl_appreance', 5),
(13, '2022_11_25_141731_create_tbl_barang', 6),
(14, '2022_11_26_011349_create_tbl_customer', 7),
(16, '2022_11_28_151108_create_tbl_barangmasuk', 8),
(17, '2022_11_30_115904_create_tbl_barangkeluar', 9),
(18, '2025_11_27_021249_add_code_sn_to_tbl_barangmasuk', 10);

-- --------------------------------------------------------

--
-- Table structure for table `personal_access_tokens`
--

CREATE TABLE `personal_access_tokens` (
  `id` bigint(20) UNSIGNED NOT NULL,
  `tokenable_type` varchar(255) NOT NULL,
  `tokenable_id` bigint(20) UNSIGNED NOT NULL,
  `name` varchar(255) NOT NULL,
  `token` varchar(64) NOT NULL,
  `abilities` text DEFAULT NULL,
  `last_used_at` timestamp NULL DEFAULT NULL,
  `expires_at` timestamp NULL DEFAULT NULL,
  `created_at` timestamp NULL DEFAULT NULL,
  `updated_at` timestamp NULL DEFAULT NULL
) ENGINE=InnoDB DEFAULT CHARSET=utf8mb4 COLLATE=utf8mb4_unicode_ci;

-- --------------------------------------------------------

--
-- Table structure for table `tbl_akses`
--

CREATE TABLE `tbl_akses` (
  `akses_id` int(10) UNSIGNED NOT NULL,
  `menu_id` varchar(255) DEFAULT NULL,
  `submenu_id` varchar(255) DEFAULT NULL,
  `othermenu_id` varchar(255) DEFAULT NULL,
  `role_id` varchar(255) NOT NULL,
  `akses_type` varchar(255) NOT NULL,
  `created_at` timestamp NULL DEFAULT NULL,
  `updated_at` timestamp NULL DEFAULT NULL
) ENGINE=InnoDB DEFAULT CHARSET=utf8mb4 COLLATE=utf8mb4_unicode_ci;

--
-- Dumping data for table `tbl_akses`
--

INSERT INTO `tbl_akses` (`akses_id`, `menu_id`, `submenu_id`, `othermenu_id`, `role_id`, `akses_type`, `created_at`, `updated_at`) VALUES
(296, '1667444041', NULL, NULL, '2', 'view', '2022-11-24 05:04:11', '2022-11-24 05:04:11'),
(297, '1667444041', NULL, NULL, '2', 'create', '2022-11-24 05:04:11', '2022-11-24 05:04:11'),
(298, '1667444041', NULL, NULL, '2', 'update', '2022-11-24 05:04:11', '2022-11-24 05:04:11'),
(299, '1667444041', NULL, NULL, '2', 'delete', '2022-11-24 05:04:11', '2022-11-24 05:04:11'),
(300, '1668509889', NULL, NULL, '2', 'view', '2022-11-24 05:04:11', '2022-11-24 05:04:11'),
(301, '1668509889', NULL, NULL, '2', 'create', '2022-11-24 05:04:11', '2022-11-24 05:04:11'),
(302, '1668509889', NULL, NULL, '2', 'update', '2022-11-24 05:04:11', '2022-11-24 05:04:11'),
(303, '1668509889', NULL, NULL, '2', 'delete', '2022-11-24 05:04:11', '2022-11-24 05:04:11'),
(304, '1668510437', NULL, NULL, '2', 'view', '2022-11-24 05:04:11', '2022-11-24 05:04:11'),
(305, '1668510437', NULL, NULL, '2', 'create', '2022-11-24 05:04:11', '2022-11-24 05:04:11'),
(306, '1668510437', NULL, NULL, '2', 'update', '2022-11-24 05:04:11', '2022-11-24 05:04:11'),
(307, '1668510437', NULL, NULL, '2', 'delete', '2022-11-24 05:04:11', '2022-11-24 05:04:11'),
(308, '1668510568', NULL, NULL, '2', 'view', '2022-11-24 05:04:11', '2022-11-24 05:04:11'),
(309, '1668510568', NULL, NULL, '2', 'create', '2022-11-24 05:04:11', '2022-11-24 05:04:11'),
(310, '1668510568', NULL, NULL, '2', 'update', '2022-11-24 05:04:11', '2022-11-24 05:04:11'),
(311, '1668510568', NULL, NULL, '2', 'delete', '2022-11-24 05:04:11', '2022-11-24 05:04:11'),
(312, NULL, '9', NULL, '2', 'view', '2022-11-24 05:04:11', '2022-11-24 05:04:11'),
(313, NULL, '9', NULL, '2', 'create', '2022-11-24 05:04:11', '2022-11-24 05:04:11'),
(314, NULL, '9', NULL, '2', 'update', '2022-11-24 05:04:11', '2022-11-24 05:04:11'),
(315, NULL, '9', NULL, '2', 'delete', '2022-11-24 05:04:11', '2022-11-24 05:04:11'),
(320, NULL, '17', NULL, '2', 'view', '2022-11-24 05:04:11', '2022-11-24 05:04:11'),
(321, NULL, '17', NULL, '2', 'create', '2022-11-24 05:04:11', '2022-11-24 05:04:11'),
(322, NULL, '17', NULL, '2', 'update', '2022-11-24 05:04:11', '2022-11-24 05:04:11'),
(323, NULL, '17', NULL, '2', 'delete', '2022-11-24 05:04:11', '2022-11-24 05:04:11'),
(324, NULL, '10', NULL, '2', 'view', '2022-11-24 05:04:11', '2022-11-24 05:04:11'),
(325, NULL, '10', NULL, '2', 'create', '2022-11-24 05:04:11', '2022-11-24 05:04:11'),
(326, NULL, '10', NULL, '2', 'update', '2022-11-24 05:04:11', '2022-11-24 05:04:11'),
(327, NULL, '10', NULL, '2', 'delete', '2022-11-24 05:04:11', '2022-11-24 05:04:11'),
(332, NULL, '18', NULL, '2', 'view', '2022-11-24 05:04:11', '2022-11-24 05:04:11'),
(333, NULL, '18', NULL, '2', 'create', '2022-11-24 05:04:11', '2022-11-24 05:04:11'),
(334, NULL, '18', NULL, '2', 'update', '2022-11-24 05:04:11', '2022-11-24 05:04:11'),
(335, NULL, '18', NULL, '2', 'delete', '2022-11-24 05:04:11', '2022-11-24 05:04:11'),
(336, NULL, '19', NULL, '2', 'view', '2022-11-24 05:04:11', '2022-11-24 05:04:11'),
(337, NULL, '19', NULL, '2', 'create', '2022-11-24 05:04:11', '2022-11-24 05:04:11'),
(338, NULL, '19', NULL, '2', 'update', '2022-11-24 05:04:11', '2022-11-24 05:04:11'),
(339, NULL, '19', NULL, '2', 'delete', '2022-11-24 05:04:11', '2022-11-24 05:04:11'),
(340, NULL, '20', NULL, '2', 'view', '2022-11-24 05:04:11', '2022-11-24 05:04:11'),
(341, NULL, '20', NULL, '2', 'create', '2022-11-24 05:04:11', '2022-11-24 05:04:11'),
(342, NULL, '20', NULL, '2', 'update', '2022-11-24 05:04:11', '2022-11-24 05:04:11'),
(343, NULL, '20', NULL, '2', 'delete', '2022-11-24 05:04:11', '2022-11-24 05:04:11'),
(344, NULL, NULL, '1', '2', 'view', '2022-11-24 05:04:11', '2022-11-24 05:04:11'),
(345, NULL, NULL, '2', '2', 'view', '2022-11-24 05:04:11', '2022-11-24 05:04:11'),
(346, NULL, NULL, '3', '2', 'view', '2022-11-24 05:04:11', '2022-11-24 05:04:11'),
(347, NULL, NULL, '4', '2', 'view', '2022-11-24 05:04:11', '2022-11-24 05:04:11'),
(349, NULL, NULL, '6', '2', 'view', '2022-11-24 05:04:11', '2022-11-24 05:04:11'),
(350, NULL, NULL, '1', '2', 'create', '2022-11-24 05:04:11', '2022-11-24 05:04:11'),
(351, NULL, NULL, '2', '2', 'create', '2022-11-24 05:04:11', '2022-11-24 05:04:11'),
(352, NULL, NULL, '3', '2', 'create', '2022-11-24 05:04:11', '2022-11-24 05:04:11'),
(353, NULL, NULL, '4', '2', 'create', '2022-11-24 05:04:11', '2022-11-24 05:04:11'),
(354, NULL, NULL, '5', '2', 'create', '2022-11-24 05:04:11', '2022-11-24 05:04:11'),
(355, NULL, NULL, '6', '2', 'create', '2022-11-24 05:04:11', '2022-11-24 05:04:11'),
(356, NULL, NULL, '1', '2', 'update', '2022-11-24 05:04:11', '2022-11-24 05:04:11'),
(357, NULL, NULL, '2', '2', 'update', '2022-11-24 05:04:11', '2022-11-24 05:04:11'),
(358, NULL, NULL, '3', '2', 'update', '2022-11-24 05:04:11', '2022-11-24 05:04:11'),
(359, NULL, NULL, '4', '2', 'update', '2022-11-24 05:04:11', '2022-11-24 05:04:11'),
(360, NULL, NULL, '5', '2', 'update', '2022-11-24 05:04:11', '2022-11-24 05:04:11'),
(361, NULL, NULL, '6', '2', 'update', '2022-11-24 05:04:11', '2022-11-24 05:04:11'),
(362, NULL, NULL, '1', '2', 'delete', '2022-11-24 05:04:11', '2022-11-24 05:04:11'),
(363, NULL, NULL, '2', '2', 'delete', '2022-11-24 05:04:11', '2022-11-24 05:04:11'),
(364, NULL, NULL, '3', '2', 'delete', '2022-11-24 05:04:11', '2022-11-24 05:04:11'),
(365, NULL, NULL, '4', '2', 'delete', '2022-11-24 05:04:11', '2022-11-24 05:04:11'),
(366, NULL, NULL, '5', '2', 'delete', '2022-11-24 05:04:11', '2022-11-24 05:04:11'),
(367, NULL, NULL, '6', '2', 'delete', '2022-11-24 05:04:11', '2022-11-24 05:04:11'),
(368, '1667444041', NULL, NULL, '3', 'view', '2022-11-24 05:08:11', '2022-11-24 05:08:11'),
(369, '1667444041', NULL, NULL, '3', 'create', '2022-11-24 05:08:11', '2022-11-24 05:08:11'),
(370, '1667444041', NULL, NULL, '3', 'update', '2022-11-24 05:08:11', '2022-11-24 05:08:11'),
(371, '1667444041', NULL, NULL, '3', 'delete', '2022-11-24 05:08:11', '2022-11-24 05:08:11'),
(372, '1668509889', NULL, NULL, '3', 'view', '2022-11-24 05:08:11', '2022-11-24 05:08:11'),
(373, '1668509889', NULL, NULL, '3', 'create', '2022-11-24 05:08:11', '2022-11-24 05:08:11'),
(374, '1668509889', NULL, NULL, '3', 'update', '2022-11-24 05:08:11', '2022-11-24 05:08:11'),
(375, '1668509889', NULL, NULL, '3', 'delete', '2022-11-24 05:08:11', '2022-11-24 05:08:11'),
(376, '1668510437', NULL, NULL, '3', 'view', '2022-11-24 05:08:11', '2022-11-24 05:08:11'),
(377, '1668510437', NULL, NULL, '3', 'create', '2022-11-24 05:08:11', '2022-11-24 05:08:11'),
(378, '1668510437', NULL, NULL, '3', 'update', '2022-11-24 05:08:11', '2022-11-24 05:08:11'),
(379, '1668510437', NULL, NULL, '3', 'delete', '2022-11-24 05:08:11', '2022-11-24 05:08:11'),
(381, '1668510568', NULL, NULL, '3', 'create', '2022-11-24 05:08:11', '2022-11-24 05:08:11'),
(382, '1668510568', NULL, NULL, '3', 'update', '2022-11-24 05:08:11', '2022-11-24 05:08:11'),
(383, '1668510568', NULL, NULL, '3', 'delete', '2022-11-24 05:08:11', '2022-11-24 05:08:11'),
(384, NULL, '9', NULL, '3', 'view', '2022-11-24 05:08:11', '2022-11-24 05:08:11'),
(385, NULL, '9', NULL, '3', 'create', '2022-11-24 05:08:11', '2022-11-24 05:08:11'),
(386, NULL, '9', NULL, '3', 'update', '2022-11-24 05:08:11', '2022-11-24 05:08:11'),
(387, NULL, '9', NULL, '3', 'delete', '2022-11-24 05:08:11', '2022-11-24 05:08:11'),
(392, NULL, '17', NULL, '3', 'view', '2022-11-24 05:08:11', '2022-11-24 05:08:11'),
(393, NULL, '17', NULL, '3', 'create', '2022-11-24 05:08:11', '2022-11-24 05:08:11'),
(394, NULL, '17', NULL, '3', 'update', '2022-11-24 05:08:11', '2022-11-24 05:08:11'),
(395, NULL, '17', NULL, '3', 'delete', '2022-11-24 05:08:11', '2022-11-24 05:08:11'),
(396, NULL, '10', NULL, '3', 'view', '2022-11-24 05:08:11', '2022-11-24 05:08:11'),
(397, NULL, '10', NULL, '3', 'create', '2022-11-24 05:08:11', '2022-11-24 05:08:11'),
(398, NULL, '10', NULL, '3', 'update', '2022-11-24 05:08:11', '2022-11-24 05:08:11'),
(399, NULL, '10', NULL, '3', 'delete', '2022-11-24 05:08:11', '2022-11-24 05:08:11'),
(404, NULL, '18', NULL, '3', 'view', '2022-11-24 05:08:11', '2022-11-24 05:08:11'),
(405, NULL, '18', NULL, '3', 'create', '2022-11-24 05:08:11', '2022-11-24 05:08:11'),
(406, NULL, '18', NULL, '3', 'update', '2022-11-24 05:08:11', '2022-11-24 05:08:11'),
(407, NULL, '18', NULL, '3', 'delete', '2022-11-24 05:08:11', '2022-11-24 05:08:11'),
(408, NULL, '19', NULL, '3', 'view', '2022-11-24 05:08:11', '2022-11-24 05:08:11'),
(409, NULL, '19', NULL, '3', 'create', '2022-11-24 05:08:11', '2022-11-24 05:08:11'),
(410, NULL, '19', NULL, '3', 'update', '2022-11-24 05:08:11', '2022-11-24 05:08:11'),
(411, NULL, '19', NULL, '3', 'delete', '2022-11-24 05:08:11', '2022-11-24 05:08:11'),
(412, NULL, '20', NULL, '3', 'view', '2022-11-24 05:08:11', '2022-11-24 05:08:11'),
(413, NULL, '20', NULL, '3', 'create', '2022-11-24 05:08:11', '2022-11-24 05:08:11'),
(414, NULL, '20', NULL, '3', 'update', '2022-11-24 05:08:11', '2022-11-24 05:08:11'),
(415, NULL, '20', NULL, '3', 'delete', '2022-11-24 05:08:11', '2022-11-24 05:08:11'),
(417, NULL, NULL, '2', '3', 'view', '2022-11-24 05:08:11', '2022-11-24 05:08:11'),
(418, NULL, NULL, '3', '3', 'view', '2022-11-24 05:08:11', '2022-11-24 05:08:11'),
(419, NULL, NULL, '4', '3', 'view', '2022-11-24 05:08:11', '2022-11-24 05:08:11'),
(420, NULL, NULL, '5', '3', 'view', '2022-11-24 05:08:11', '2022-11-24 05:08:11'),
(421, NULL, NULL, '6', '3', 'view', '2022-11-24 05:08:11', '2022-11-24 05:08:11'),
(422, NULL, NULL, '1', '3', 'create', '2022-11-24 05:08:11', '2022-11-24 05:08:11'),
(423, NULL, NULL, '2', '3', 'create', '2022-11-24 05:08:11', '2022-11-24 05:08:11'),
(424, NULL, NULL, '3', '3', 'create', '2022-11-24 05:08:11', '2022-11-24 05:08:11'),
(425, NULL, NULL, '4', '3', 'create', '2022-11-24 05:08:11', '2022-11-24 05:08:11'),
(426, NULL, NULL, '5', '3', 'create', '2022-11-24 05:08:11', '2022-11-24 05:08:11'),
(427, NULL, NULL, '6', '3', 'create', '2022-11-24 05:08:11', '2022-11-24 05:08:11'),
(428, NULL, NULL, '1', '3', 'update', '2022-11-24 05:08:11', '2022-11-24 05:08:11'),
(429, NULL, NULL, '2', '3', 'update', '2022-11-24 05:08:11', '2022-11-24 05:08:11'),
(430, NULL, NULL, '3', '3', 'update', '2022-11-24 05:08:11', '2022-11-24 05:08:11'),
(431, NULL, NULL, '4', '3', 'update', '2022-11-24 05:08:11', '2022-11-24 05:08:11'),
(432, NULL, NULL, '5', '3', 'update', '2022-11-24 05:08:11', '2022-11-24 05:08:11'),
(433, NULL, NULL, '6', '3', 'update', '2022-11-24 05:08:11', '2022-11-24 05:08:11'),
(434, NULL, NULL, '1', '3', 'delete', '2022-11-24 05:08:11', '2022-11-24 05:08:11'),
(435, NULL, NULL, '2', '3', 'delete', '2022-11-24 05:08:11', '2022-11-24 05:08:11'),
(436, NULL, NULL, '3', '3', 'delete', '2022-11-24 05:08:11', '2022-11-24 05:08:11'),
(437, NULL, NULL, '4', '3', 'delete', '2022-11-24 05:08:11', '2022-11-24 05:08:11'),
(438, NULL, NULL, '5', '3', 'delete', '2022-11-24 05:08:11', '2022-11-24 05:08:11'),
(439, NULL, NULL, '6', '3', 'delete', '2022-11-24 05:08:11', '2022-11-24 05:08:11'),
(444, '1669390641', NULL, NULL, '2', 'view', '2022-11-25 07:38:23', '2022-11-25 07:38:23'),
(445, '1669390641', NULL, NULL, '2', 'create', '2022-11-25 07:38:31', '2022-11-25 07:38:31'),
(446, '1669390641', NULL, NULL, '2', 'update', '2022-11-25 07:38:31', '2022-11-25 07:38:31'),
(447, '1669390641', NULL, NULL, '2', 'delete', '2022-11-25 07:38:32', '2022-11-25 07:38:32'),
(448, '1669390641', NULL, NULL, '3', 'view', '2022-11-25 07:38:49', '2022-11-25 07:38:49'),
(449, '1669390641', NULL, NULL, '3', 'create', '2022-11-25 07:38:55', '2022-11-25 07:38:55'),
(450, '1669390641', NULL, NULL, '3', 'update', '2022-11-25 07:38:55', '2022-11-25 07:38:55'),
(451, '1669390641', NULL, NULL, '3', 'delete', '2022-11-25 07:38:57', '2022-11-25 07:38:57'),
(488, '1667444041', NULL, NULL, '4', 'view', '2022-12-06 01:34:31', '2022-12-06 01:34:31'),
(489, '1667444041', NULL, NULL, '4', 'create', '2022-12-06 01:34:31', '2022-12-06 01:34:31'),
(490, '1667444041', NULL, NULL, '4', 'update', '2022-12-06 01:34:31', '2022-12-06 01:34:31'),
(491, '1667444041', NULL, NULL, '4', 'delete', '2022-12-06 01:34:31', '2022-12-06 01:34:31'),
(493, '1668509889', NULL, NULL, '4', 'create', '2022-12-06 01:34:31', '2022-12-06 01:34:31'),
(494, '1668509889', NULL, NULL, '4', 'update', '2022-12-06 01:34:31', '2022-12-06 01:34:31'),
(495, '1668509889', NULL, NULL, '4', 'delete', '2022-12-06 01:34:31', '2022-12-06 01:34:31'),
(497, '1669390641', NULL, NULL, '4', 'create', '2022-12-06 01:34:31', '2022-12-06 01:34:31'),
(498, '1669390641', NULL, NULL, '4', 'update', '2022-12-06 01:34:31', '2022-12-06 01:34:31'),
(499, '1669390641', NULL, NULL, '4', 'delete', '2022-12-06 01:34:31', '2022-12-06 01:34:31'),
(501, '1668510437', NULL, NULL, '4', 'create', '2022-12-06 01:34:31', '2022-12-06 01:34:31'),
(502, '1668510437', NULL, NULL, '4', 'update', '2022-12-06 01:34:31', '2022-12-06 01:34:31'),
(503, '1668510437', NULL, NULL, '4', 'delete', '2022-12-06 01:34:31', '2022-12-06 01:34:31'),
(504, '1668510568', NULL, NULL, '4', 'view', '2022-12-06 01:34:31', '2022-12-06 01:34:31'),
(505, '1668510568', NULL, NULL, '4', 'create', '2022-12-06 01:34:31', '2022-12-06 01:34:31'),
(506, '1668510568', NULL, NULL, '4', 'update', '2022-12-06 01:34:31', '2022-12-06 01:34:31'),
(507, '1668510568', NULL, NULL, '4', 'delete', '2022-12-06 01:34:31', '2022-12-06 01:34:31'),
(508, NULL, '9', NULL, '4', 'view', '2022-12-06 01:34:31', '2022-12-06 01:34:31'),
(509, NULL, '9', NULL, '4', 'create', '2022-12-06 01:34:31', '2022-12-06 01:34:31'),
(510, NULL, '9', NULL, '4', 'update', '2022-12-06 01:34:31', '2022-12-06 01:34:31'),
(511, NULL, '9', NULL, '4', 'delete', '2022-12-06 01:34:31', '2022-12-06 01:34:31'),
(512, NULL, '17', NULL, '4', 'view', '2022-12-06 01:34:31', '2022-12-06 01:34:31'),
(513, NULL, '17', NULL, '4', 'create', '2022-12-06 01:34:31', '2022-12-06 01:34:31'),
(514, NULL, '17', NULL, '4', 'update', '2022-12-06 01:34:31', '2022-12-06 01:34:31'),
(515, NULL, '17', NULL, '4', 'delete', '2022-12-06 01:34:31', '2022-12-06 01:34:31'),
(520, NULL, '10', NULL, '4', 'view', '2022-12-06 01:34:31', '2022-12-06 01:34:31'),
(521, NULL, '10', NULL, '4', 'create', '2022-12-06 01:34:31', '2022-12-06 01:34:31'),
(522, NULL, '10', NULL, '4', 'update', '2022-12-06 01:34:31', '2022-12-06 01:34:31'),
(523, NULL, '10', NULL, '4', 'delete', '2022-12-06 01:34:31', '2022-12-06 01:34:31'),
(524, NULL, '18', NULL, '4', 'view', '2022-12-06 01:34:31', '2022-12-06 01:34:31'),
(525, NULL, '18', NULL, '4', 'create', '2022-12-06 01:34:31', '2022-12-06 01:34:31'),
(526, NULL, '18', NULL, '4', 'update', '2022-12-06 01:34:31', '2022-12-06 01:34:31'),
(527, NULL, '18', NULL, '4', 'delete', '2022-12-06 01:34:31', '2022-12-06 01:34:31'),
(532, NULL, '19', NULL, '4', 'view', '2022-12-06 01:34:31', '2022-12-06 01:34:31'),
(533, NULL, '19', NULL, '4', 'create', '2022-12-06 01:34:31', '2022-12-06 01:34:31'),
(534, NULL, '19', NULL, '4', 'update', '2022-12-06 01:34:31', '2022-12-06 01:34:31'),
(535, NULL, '19', NULL, '4', 'delete', '2022-12-06 01:34:31', '2022-12-06 01:34:31'),
(540, NULL, '20', NULL, '4', 'view', '2022-12-06 01:34:31', '2022-12-06 01:34:31'),
(541, NULL, '20', NULL, '4', 'create', '2022-12-06 01:34:31', '2022-12-06 01:34:31'),
(542, NULL, '20', NULL, '4', 'update', '2022-12-06 01:34:31', '2022-12-06 01:34:31'),
(543, NULL, '20', NULL, '4', 'delete', '2022-12-06 01:34:31', '2022-12-06 01:34:31'),
(545, NULL, NULL, '2', '4', 'view', '2022-12-06 01:34:31', '2022-12-06 01:34:31'),
(546, NULL, NULL, '3', '4', 'view', '2022-12-06 01:34:31', '2022-12-06 01:34:31'),
(547, NULL, NULL, '4', '4', 'view', '2022-12-06 01:34:31', '2022-12-06 01:34:31'),
(548, NULL, NULL, '5', '4', 'view', '2022-12-06 01:34:31', '2022-12-06 01:34:31'),
(549, NULL, NULL, '6', '4', 'view', '2022-12-06 01:34:31', '2022-12-06 01:34:31'),
(550, NULL, NULL, '1', '4', 'create', '2022-12-06 01:34:31', '2022-12-06 01:34:31'),
(551, NULL, NULL, '2', '4', 'create', '2022-12-06 01:34:31', '2022-12-06 01:34:31'),
(552, NULL, NULL, '3', '4', 'create', '2022-12-06 01:34:31', '2022-12-06 01:34:31'),
(553, NULL, NULL, '4', '4', 'create', '2022-12-06 01:34:31', '2022-12-06 01:34:31'),
(554, NULL, NULL, '5', '4', 'create', '2022-12-06 01:34:31', '2022-12-06 01:34:31'),
(555, NULL, NULL, '6', '4', 'create', '2022-12-06 01:34:31', '2022-12-06 01:34:31'),
(556, NULL, NULL, '1', '4', 'update', '2022-12-06 01:34:31', '2022-12-06 01:34:31'),
(557, NULL, NULL, '2', '4', 'update', '2022-12-06 01:34:31', '2022-12-06 01:34:31'),
(558, NULL, NULL, '3', '4', 'update', '2022-12-06 01:34:31', '2022-12-06 01:34:31'),
(559, NULL, NULL, '4', '4', 'update', '2022-12-06 01:34:31', '2022-12-06 01:34:31'),
(560, NULL, NULL, '5', '4', 'update', '2022-12-06 01:34:31', '2022-12-06 01:34:31'),
(561, NULL, NULL, '6', '4', 'update', '2022-12-06 01:34:31', '2022-12-06 01:34:31'),
(562, NULL, NULL, '1', '4', 'delete', '2022-12-06 01:34:31', '2022-12-06 01:34:31'),
(563, NULL, NULL, '2', '4', 'delete', '2022-12-06 01:34:31', '2022-12-06 01:34:31'),
(564, NULL, NULL, '3', '4', 'delete', '2022-12-06 01:34:31', '2022-12-06 01:34:31'),
(565, NULL, NULL, '4', '4', 'delete', '2022-12-06 01:34:31', '2022-12-06 01:34:31'),
(566, NULL, NULL, '5', '4', 'delete', '2022-12-06 01:34:31', '2022-12-06 01:34:31'),
(567, NULL, NULL, '6', '4', 'delete', '2022-12-06 01:34:31', '2022-12-06 01:34:31'),
(810, '1667444041', NULL, NULL, '1', 'view', '2025-11-29 02:10:58', '2025-11-29 02:10:58'),
(811, '1667444041', NULL, NULL, '1', 'create', '2025-11-29 02:10:58', '2025-11-29 02:10:58'),
(812, '1667444041', NULL, NULL, '1', 'update', '2025-11-29 02:10:58', '2025-11-29 02:10:58'),
(813, '1667444041', NULL, NULL, '1', 'delete', '2025-11-29 02:10:58', '2025-11-29 02:10:58'),
(814, '1668509889', NULL, NULL, '1', 'view', '2025-11-29 02:10:58', '2025-11-29 02:10:58'),
(815, '1668509889', NULL, NULL, '1', 'create', '2025-11-29 02:10:58', '2025-11-29 02:10:58'),
(816, '1668509889', NULL, NULL, '1', 'update', '2025-11-29 02:10:58', '2025-11-29 02:10:58'),
(817, '1668509889', NULL, NULL, '1', 'delete', '2025-11-29 02:10:58', '2025-11-29 02:10:58'),
(818, '1669390641', NULL, NULL, '1', 'view', '2025-11-29 02:10:58', '2025-11-29 02:10:58'),
(819, '1669390641', NULL, NULL, '1', 'create', '2025-11-29 02:10:58', '2025-11-29 02:10:58'),
(821, '1669390641', NULL, NULL, '1', 'delete', '2025-11-29 02:10:58', '2025-11-29 02:10:58'),
(823, '1668510437', NULL, NULL, '1', 'create', '2025-11-29 02:10:58', '2025-11-29 02:10:58'),
(824, '1668510437', NULL, NULL, '1', 'update', '2025-11-29 02:10:58', '2025-11-29 02:10:58'),
(825, '1668510437', NULL, NULL, '1', 'delete', '2025-11-29 02:10:58', '2025-11-29 02:10:58'),
(827, '1668510568', NULL, NULL, '1', 'create', '2025-11-29 02:10:58', '2025-11-29 02:10:58'),
(828, '1668510568', NULL, NULL, '1', 'update', '2025-11-29 02:10:58', '2025-11-29 02:10:58'),
(829, '1668510568', NULL, NULL, '1', 'delete', '2025-11-29 02:10:58', '2025-11-29 02:10:58'),
(830, NULL, '9', NULL, '1', 'view', '2025-11-29 02:10:58', '2025-11-29 02:10:58'),
(831, NULL, '9', NULL, '1', 'create', '2025-11-29 02:10:58', '2025-11-29 02:10:58'),
(832, NULL, '9', NULL, '1', 'update', '2025-11-29 02:10:58', '2025-11-29 02:10:58'),
(834, NULL, '17', NULL, '1', 'view', '2025-11-29 02:10:58', '2025-11-29 02:10:58'),
(835, NULL, '17', NULL, '1', 'create', '2025-11-29 02:10:58', '2025-11-29 02:10:58'),
(836, NULL, '17', NULL, '1', 'update', '2025-11-29 02:10:58', '2025-11-29 02:10:58'),
(837, NULL, '17', NULL, '1', 'delete', '2025-11-29 02:10:58', '2025-11-29 02:10:58'),
(842, NULL, '10', NULL, '1', 'view', '2025-11-29 02:10:58', '2025-11-29 02:10:58'),
(843, NULL, '10', NULL, '1', 'create', '2025-11-29 02:10:58', '2025-11-29 02:10:58'),
(844, NULL, '10', NULL, '1', 'update', '2025-11-29 02:10:58', '2025-11-29 02:10:58'),
(845, NULL, '10', NULL, '1', 'delete', '2025-11-29 02:10:58', '2025-11-29 02:10:58'),
(846, NULL, '18', NULL, '1', 'view', '2025-11-29 02:10:58', '2025-11-29 02:10:58'),
(847, NULL, '18', NULL, '1', 'create', '2025-11-29 02:10:58', '2025-11-29 02:10:58'),
(848, NULL, '18', NULL, '1', 'update', '2025-11-29 02:10:58', '2025-11-29 02:10:58'),
(849, NULL, '18', NULL, '1', 'delete', '2025-11-29 02:10:58', '2025-11-29 02:10:58'),
(854, NULL, '19', NULL, '1', 'view', '2025-11-29 02:10:58', '2025-11-29 02:10:58'),
(855, NULL, '19', NULL, '1', 'create', '2025-11-29 02:10:58', '2025-11-29 02:10:58'),
(856, NULL, '19', NULL, '1', 'update', '2025-11-29 02:10:58', '2025-11-29 02:10:58'),
(857, NULL, '19', NULL, '1', 'delete', '2025-11-29 02:10:58', '2025-11-29 02:10:58'),
(862, NULL, '20', NULL, '1', 'view', '2025-11-29 02:10:58', '2025-11-29 02:10:58'),
(863, NULL, '20', NULL, '1', 'create', '2025-11-29 02:10:58', '2025-11-29 02:10:58'),
(864, NULL, '20', NULL, '1', 'update', '2025-11-29 02:10:58', '2025-11-29 02:10:58'),
(865, NULL, '20', NULL, '1', 'delete', '2025-11-29 02:10:58', '2025-11-29 02:10:58'),
(866, NULL, NULL, '1', '1', 'view', '2025-11-29 02:10:58', '2025-11-29 02:10:58'),
(867, NULL, NULL, '2', '1', 'view', '2025-11-29 02:10:58', '2025-11-29 02:10:58'),
(868, NULL, NULL, '3', '1', 'view', '2025-11-29 02:10:58', '2025-11-29 02:10:58'),
(869, NULL, NULL, '4', '1', 'view', '2025-11-29 02:10:58', '2025-11-29 02:10:58'),
(870, NULL, NULL, '5', '1', 'view', '2025-11-29 02:10:58', '2025-11-29 02:10:58'),
(871, NULL, NULL, '6', '1', 'view', '2025-11-29 02:10:58', '2025-11-29 02:10:58'),
(872, NULL, NULL, '1', '1', 'create', '2025-11-29 02:10:58', '2025-11-29 02:10:58'),
(873, NULL, NULL, '2', '1', 'create', '2025-11-29 02:10:58', '2025-11-29 02:10:58'),
(874, NULL, NULL, '3', '1', 'create', '2025-11-29 02:10:58', '2025-11-29 02:10:58'),
(875, NULL, NULL, '4', '1', 'create', '2025-11-29 02:10:58', '2025-11-29 02:10:58'),
(876, NULL, NULL, '5', '1', 'create', '2025-11-29 02:10:58', '2025-11-29 02:10:58'),
(877, NULL, NULL, '6', '1', 'create', '2025-11-29 02:10:58', '2025-11-29 02:10:58'),
(878, NULL, NULL, '1', '1', 'update', '2025-11-29 02:10:58', '2025-11-29 02:10:58'),
(879, NULL, NULL, '2', '1', 'update', '2025-11-29 02:10:58', '2025-11-29 02:10:58'),
(880, NULL, NULL, '3', '1', 'update', '2025-11-29 02:10:58', '2025-11-29 02:10:58'),
(881, NULL, NULL, '4', '1', 'update', '2025-11-29 02:10:58', '2025-11-29 02:10:58'),
(882, NULL, NULL, '5', '1', 'update', '2025-11-29 02:10:58', '2025-11-29 02:10:58'),
(883, NULL, NULL, '6', '1', 'update', '2025-11-29 02:10:58', '2025-11-29 02:10:58'),
(884, NULL, NULL, '1', '1', 'delete', '2025-11-29 02:10:58', '2025-11-29 02:10:58'),
(885, NULL, NULL, '2', '1', 'delete', '2025-11-29 02:10:58', '2025-11-29 02:10:58'),
(886, NULL, NULL, '3', '1', 'delete', '2025-11-29 02:10:58', '2025-11-29 02:10:58'),
(887, NULL, NULL, '4', '1', 'delete', '2025-11-29 02:10:58', '2025-11-29 02:10:58'),
(888, NULL, NULL, '5', '1', 'delete', '2025-11-29 02:10:58', '2025-11-29 02:10:58'),
(889, NULL, NULL, '6', '1', 'delete', '2025-11-29 02:10:58', '2025-11-29 02:10:58'),
(890, '1669390641', NULL, NULL, '1', 'update', '2025-11-29 02:15:04', '2025-11-29 02:15:04'),
(891, NULL, '24', NULL, '1', 'view', '2025-11-30 18:24:42', '2025-11-30 18:24:42'),
(893, NULL, '24', NULL, '1', 'create', '2025-11-30 18:24:54', '2025-11-30 18:24:54'),
(895, NULL, '24', NULL, '1', 'delete', '2025-11-30 18:25:01', '2025-11-30 18:25:01'),
(896, NULL, '24', NULL, '1', 'update', '2025-11-30 18:25:04', '2025-11-30 18:25:04'),
(897, NULL, '25', NULL, '1', 'view', '2025-11-30 18:25:10', '2025-11-30 18:25:10'),
(898, NULL, '26', NULL, '1', 'view', '2025-11-30 18:25:13', '2025-11-30 18:25:13'),
(899, NULL, '25', NULL, '1', 'create', '2025-11-30 18:26:43', '2025-11-30 18:26:43'),
(900, '1668510568', NULL, NULL, '1', 'view', '2025-11-30 18:26:48', '2025-11-30 18:26:48'),
(901, NULL, '26', NULL, '1', 'delete', '2025-11-30 18:26:50', '2025-11-30 18:26:50'),
(902, NULL, '25', NULL, '1', 'delete', '2025-11-30 18:26:53', '2025-11-30 18:26:53'),
(903, '1668510437', NULL, NULL, '1', 'view', '2025-11-30 18:27:00', '2025-11-30 18:27:00'),
(904, NULL, '9', NULL, '1', 'delete', '2025-11-30 18:27:02', '2025-11-30 18:27:02'),
(905, NULL, '25', NULL, '1', 'update', '2025-11-30 18:27:04', '2025-11-30 18:27:04'),
(906, NULL, '26', NULL, '1', 'update', '2025-11-30 18:27:06', '2025-11-30 18:27:06'),
(907, NULL, '26', NULL, '1', 'create', '2025-11-30 18:27:09', '2025-11-30 18:27:09');

-- --------------------------------------------------------

--
-- Table structure for table `tbl_appreance`
--

CREATE TABLE `tbl_appreance` (
  `appreance_id` int(10) UNSIGNED NOT NULL,
  `user_id` varchar(255) NOT NULL,
  `appreance_layout` varchar(255) DEFAULT NULL,
  `appreance_theme` varchar(255) DEFAULT NULL,
  `appreance_menu` varchar(255) DEFAULT NULL,
  `appreance_header` varchar(255) DEFAULT NULL,
  `appreance_sidestyle` varchar(255) DEFAULT NULL,
  `created_at` timestamp NULL DEFAULT NULL,
  `updated_at` timestamp NULL DEFAULT NULL
) ENGINE=InnoDB DEFAULT CHARSET=utf8mb4 COLLATE=utf8mb4_unicode_ci;

--
-- Dumping data for table `tbl_appreance`
--

INSERT INTO `tbl_appreance` (`appreance_id`, `user_id`, `appreance_layout`, `appreance_theme`, `appreance_menu`, `appreance_header`, `appreance_sidestyle`, `created_at`, `updated_at`) VALUES
(2, '1', 'sidebar-mini', 'light-mode', 'light-menu', 'header-light', 'default-menu', '2022-11-22 01:45:47', '2025-11-30 04:06:27');

-- --------------------------------------------------------

--
-- Table structure for table `tbl_barang`
--

CREATE TABLE `tbl_barang` (
  `barang_id` int(255) NOT NULL,
  `jenisbarang_id` varchar(255) DEFAULT NULL,
  `satuan_id` varchar(255) DEFAULT NULL,
  `merk_id` varchar(255) DEFAULT NULL,
  `barang_kode` varchar(255) NOT NULL,
  `barang_nama` varchar(255) NOT NULL,
  `barang_slug` varchar(255) DEFAULT NULL,
  `barang_harga` varchar(255) NOT NULL,
  `barang_stok` varchar(255) NOT NULL,
  `barang_gambar` varchar(255) DEFAULT NULL,
  `created_at` timestamp NULL DEFAULT NULL,
  `updated_at` timestamp NULL DEFAULT NULL
) ENGINE=InnoDB DEFAULT CHARSET=latin1 COLLATE=latin1_swedish_ci;

--
-- Dumping data for table `tbl_barang`
--

INSERT INTO `tbl_barang` (`barang_id`, `jenisbarang_id`, `satuan_id`, `merk_id`, `barang_kode`, `barang_nama`, `barang_slug`, `barang_harga`, `barang_stok`, `barang_gambar`, `created_at`, `updated_at`) VALUES
(8, '15', '9', '1', 'BRG-1764292809201', 'Modem Ont XPON', 'modem-ont-xpon', '0', '9', 'image.png', '2025-11-27 17:20:59', '2025-11-30 04:19:34'),
(9, '15', '9', NULL, 'BRG-1764292991187', 'Modem Ont', 'modem-ont', '0', '5', 'image.png', '2025-11-27 17:23:41', '2025-11-30 04:22:16'),
(10, '15', '9', NULL, 'BRG-1764293080931', 'RB941 2ND', 'rb941-2nd', '0', '3', 'image.png', '2025-11-27 17:25:11', '2025-11-30 04:24:56'),
(11, '15', '9', NULL, 'BRG-1764294103771', 'RB Hap AC2', 'rb-hap-ac2', '0', '5', 'image.png', '2025-11-27 17:42:09', '2025-11-30 04:25:32'),
(12, '15', '9', NULL, 'BRG-1764294421808', 'RB 750r2', 'rb-750r2', '0', '1', 'image.png', '2025-11-27 17:47:30', '2025-11-30 04:26:03'),
(13, '15', '9', NULL, 'BRG-1764294583144', 'RB 750r3', 'rb-750r3', '0', '0', 'image.png', '2025-11-27 17:49:58', '2025-11-27 17:50:12'),
(14, '15', '9', NULL, 'BRG-1764294676567', 'RB 760iGS', 'rb-760igs', '0', '5', 'image.png', '2025-11-27 17:51:43', '2025-11-30 04:26:41'),
(15, '15', '9', NULL, 'BRG-1764294706889', 'RB HAP LITE', 'rb-hap-lite', '0', '4', 'image.png', '2025-11-27 17:52:13', '2025-11-30 04:27:05'),
(16, '15', '9', NULL, 'BRG-1764294745645', 'RB 4011iGS RM', 'rb-4011igs-rm', '0', '1', 'image.png', '2025-11-27 17:52:48', '2025-11-30 04:27:29'),
(17, '15', '8', NULL, 'BRG-1764295206000', 'Router ATN', 'router-atn', '0', '1', 'image.png', '2025-11-27 18:00:27', '2025-11-30 04:10:05'),
(18, '16', '9', NULL, 'BRG-1764295306561', 'Converter Adaptor', 'converter-adaptor', '0', '15', 'image.png', '2025-11-27 18:02:09', '2025-11-30 04:29:03'),
(19, '16', '10', NULL, 'BRG-1764295334305', 'SFP GLC-BX-U-40Km', 'sfp-glc-bx-u-40km', '0', '1', 'image.png', '2025-11-27 18:03:01', '2025-11-30 04:29:26'),
(20, '16', '10', NULL, 'BRG-1764295474638', 'SFP GLC-BX-U-40Km', 'sfp-glc-bx-u-40km', '0', '0', 'image.png', '2025-11-27 18:05:11', '2025-11-27 18:05:11'),
(21, '16', '10', NULL, 'BRG-1764295518926', 'SFP 20Km', 'sfp-20km', '0', '9', 'image.png', '2025-11-27 18:05:46', '2025-11-30 04:29:50'),
(22, '17', '9', NULL, 'BRG-1764295556026', 'Ruijiee Reyee RG-RAP2200E', 'ruijiee-reyee-rg-rap2200e', '0', '1', 'image.png', '2025-11-27 18:06:29', '2025-11-30 04:31:00'),
(23, '17', '9', NULL, 'BRG-1764295592264', 'Ruijiee Reyee RG-RAP2200F', 'ruijiee-reyee-rg-rap2200f', '0', '0', 'image.png', '2025-11-27 18:07:46', '2025-11-27 18:07:46'),
(24, '17', '9', NULL, 'BRG-1764295671835', 'Switch POE 5 port POC', 'switch-poe-5-port-poc', '0', '1', 'image.png', '2025-11-27 18:08:18', '2025-11-30 04:31:14'),
(25, '18', '8', NULL, 'BRG-1764295848003', 'Kabel UTP Cat 6', 'kabel-utp-cat-6', '0', '400', 'image.png', '2025-11-27 18:11:13', '2025-11-30 04:32:26'),
(26, '19', '11', NULL, 'BRG-1764295941899', 'Closure 48C', 'closure-48c', '0', '27', 'image.png', '2025-11-27 18:12:54', '2025-11-30 04:33:02'),
(27, '19', '11', NULL, 'BRG-1764295977705', 'Closuer 24C', 'closuer-24c', '0', '1', 'image.png', '2025-11-27 18:13:20', '2025-11-30 04:33:16'),
(28, '19', '11', NULL, 'BRG-1764296003548', 'Closure Mini', 'closure-mini', '0', '32', 'image.png', '2025-11-27 18:13:55', '2025-11-30 04:33:31'),
(29, '19', '11', NULL, 'BRG-1764296068337', 'Roset Optik', 'roset-optik', '0', '17', 'image.png', '2025-11-27 18:14:43', '2025-11-30 04:34:05'),
(30, '19', '11', NULL, 'BRG-1764296159572', 'Pigtail SC - UPC', 'pigtail-sc---upc', '0', '10', 'image.png', '2025-11-27 18:16:23', '2025-11-30 04:34:19'),
(31, '19', '11', NULL, 'BRG-1764296387289', 'Pigtail APC', 'pigtail-apc', '0', '1', 'image.png', '2025-11-27 18:20:07', '2025-11-30 04:34:34'),
(32, '19', '11', NULL, 'BRG-1764296415897', 'Patchcore SC - LC', 'patchcore-sc---lc', '0', '20', 'image.png', '2025-11-27 18:20:43', '2025-11-30 04:34:47'),
(33, '19', '11', NULL, 'BRG-1764296530418', 'Patchcore SC - SC', 'patchcore-sc---sc', '0', '17', 'image.png', '2025-11-27 18:22:28', '2025-11-30 04:35:04'),
(34, '19', '11', NULL, 'BRG-1764296555041', 'Patchcore MM', 'patchcore-mm', '0', '1', 'image.png', '2025-11-27 18:22:50', '2025-11-30 04:35:22'),
(35, NULL, NULL, NULL, 'BRG-1764296581419', 'Patchcore SC/APC 3mm 5M', 'patchcore-sc-apc-3mm-5m', '0', '0', 'image.png', '2025-11-27 18:23:34', '2025-11-27 18:23:34'),
(36, '19', '11', NULL, 'BRG-1764296616203', 'Patchcore SC APC 3mm 3M', 'patchcore-sc-apc-3mm-3m', '0', '3', 'image.png', '2025-11-27 18:24:02', '2025-11-30 04:35:39'),
(37, '19', '11', NULL, 'BRG-1764296734523', 'SPL 1 4 SC UPC', 'spl-1-4-sc-upc', '0', '3', 'image.png', '2025-11-27 18:25:54', '2025-11-30 04:36:39'),
(38, '19', '11', NULL, 'BRG-1764296887757', 'SPL 1 8 SC UPC', 'spl-1-8-sc-upc', '0', '12', 'image.png', '2025-11-27 18:28:31', '2025-11-30 04:36:52'),
(39, '19', '11', NULL, 'BRG-1764296914049', 'Odp', 'odp', '0', '12', 'image.png', '2025-11-27 18:28:43', '2025-11-30 04:38:15'),
(40, '19', '9', NULL, 'BRG-1764296927821', 'Rak Aki', 'rak-aki', '0', '1', 'image.png', '2025-11-27 18:29:01', '2025-11-30 04:38:35'),
(41, '19', '8', NULL, 'BRG-1764296944185', 'Pipa PE', 'pipa-pe', '0', '30', 'image.png', '2025-11-27 18:29:15', '2025-11-30 04:38:53'),
(42, '20', '8', NULL, 'BRG-1764297074672', 'Kabel 1c', 'kabel-1c', '0', '2559', 'image.png', '2025-11-27 18:31:31', '2025-11-30 04:43:16'),
(43, '20', '8', NULL, 'BRG-1764297093829', 'Kabel 2c', 'kabel-2c', '0', '5437', 'image.png', '2025-11-27 18:31:51', '2025-11-30 04:43:36'),
(44, '20', '8', NULL, 'BRG-1764297114272', 'Kabel 4c', 'kabel-4c', '0', '4750', 'image.png', '2025-11-27 18:32:12', '2025-11-30 04:44:05'),
(45, '20', '8', NULL, 'BRG-1764297135200', 'Kabel 48c', 'kabel-48c', '0', '15041', 'image.png', '2025-11-27 18:32:29', '2025-11-30 04:44:40'),
(46, '20', '8', NULL, 'BRG-1764297152120', 'Kabel 96c', 'kabel-96c', '0', '350', 'image.png', '2025-11-27 18:32:48', '2025-11-30 04:45:13'),
(47, '21', '9', NULL, 'BRG-1764297388779', 'Modem 4G Star H1', 'modem-4g-star-h1', '0', '1', 'image.png', '2025-11-27 18:36:56', '2025-11-30 04:46:01'),
(48, '21', '9', NULL, 'BRG-1764297418631', 'Modem 4G Max H1', 'modem-4g-max-h1', '0', '1', 'image.png', '2025-11-27 18:37:11', '2025-11-30 04:46:19'),
(49, '21', '9', NULL, 'BRG-1764297433394', 'Modem 4G Pro HKM', 'modem-4g-pro-hkm', '0', '1', 'image.png', '2025-11-27 18:37:34', '2025-11-30 04:46:33'),
(50, '24', '11', NULL, 'BRG-1764297511895', 'Surge Arister', 'surge-arister', '0', '6', 'image.png', '2025-11-27 18:39:16', '2025-11-30 04:47:21'),
(51, '24', '9', NULL, 'BRG-1764297650225', 'P Suplay DC 48V', 'p-suplay-dc-48v', '0', '1', 'image.png', '2025-11-27 18:41:08', '2025-11-30 04:47:35'),
(52, '24', '12', NULL, 'BRG-1764297670136', 'Kabel UTP', 'kabel-utp', '0', '1', 'image.png', '2025-11-27 18:41:34', '2025-11-30 04:47:50'),
(53, '22', '9', NULL, 'BRG-1764297697442', 'Rack 8U', 'rack-8u', '0', '1', 'image.png', '2025-11-27 18:41:55', '2025-11-30 04:50:22'),
(54, '23', '9', NULL, 'BRG-1764297718126', 'CRS 326-24 G', 'crs-326-24-g', '0', '1', 'image.png', '2025-11-27 18:42:15', '2025-11-30 04:51:15'),
(55, '23', '9', NULL, 'BRG-1764298266224', 'RB 4011', 'rb-4011', '0', '1', 'image.png', '2025-11-27 18:51:28', '2025-11-30 04:51:32'),
(56, '23', '9', NULL, 'BRG-1764298291875', 'Adaptor Rb 4011', 'adaptor-rb-4011', '0', '1', 'image.png', '2025-11-27 18:51:59', '2025-11-30 04:51:47'),
(57, '23', '9', NULL, 'BRG-1764298323312', 'OLT Huawei', 'olt-huawei', '0', '1', 'image.png', '2025-11-27 18:52:25', '2025-11-30 04:51:58'),
(58, '23', '9', NULL, 'BRG-1764298363896', 'UPS APC', 'ups-apc', '0', '1', 'image.png', '2025-11-27 18:52:58', '2025-11-30 04:52:29'),
(59, '23', '9', NULL, 'BRG-1764298380754', 'OTB Rack 48c', 'otb-rack-48c', '0', '1', 'image.png', '2025-11-27 18:53:14', '2025-11-30 04:53:42'),
(60, '23', '9', NULL, 'BRG-1764298396953', 'Aki', 'aki', '0', '2', 'image.png', '2025-11-27 18:53:33', '2025-11-30 04:53:57'),
(61, '23', '9', NULL, 'BRG-1764298416651', 'Rak Server 4U', 'rak-server-4u', '0', '0', 'image.png', '2025-11-27 18:53:56', '2025-11-28 21:46:09'),
(64, '19', '11', NULL, 'BRG-1764506404552', 'Klem Buaya', 'klem-buaya', '0', '76', 'image.png', '2025-11-30 04:40:28', '2025-11-30 04:41:36'),
(65, '19', '11', NULL, 'BRG-1764506450876', 'X Frame', 'x-frame', '0', '60', 'image.png', '2025-11-30 04:41:08', '2025-11-30 04:42:00');

-- --------------------------------------------------------

--
-- Table structure for table `tbl_barangkeluar`
--

CREATE TABLE `tbl_barangkeluar` (
  `bk_id` int(10) UNSIGNED NOT NULL,
  `bk_kode` varchar(255) NOT NULL,
  `barang_kode` varchar(255) NOT NULL,
  `bk_tanggal` varchar(255) NOT NULL,
  `bk_tujuan` varchar(255) DEFAULT NULL,
  `bk_jumlah` varchar(255) NOT NULL,
  `created_at` timestamp NULL DEFAULT NULL,
  `updated_at` timestamp NULL DEFAULT NULL
) ENGINE=InnoDB DEFAULT CHARSET=utf8mb4 COLLATE=utf8mb4_unicode_ci;

--
-- Dumping data for table `tbl_barangkeluar`
--

INSERT INTO `tbl_barangkeluar` (`bk_id`, `bk_kode`, `barang_kode`, `bk_tanggal`, `bk_tujuan`, `bk_jumlah`, `created_at`, `updated_at`) VALUES
(7, 'BK-1764552348422', 'BRG-1764298416651', '2025-12-01', 'ssss', '80', '2025-11-30 17:25:58', '2025-11-30 17:25:58');

-- --------------------------------------------------------

--
-- Table structure for table `tbl_barangmasuk`
--

CREATE TABLE `tbl_barangmasuk` (
  `bm_id` int(10) UNSIGNED NOT NULL,
  `bm_kode` varchar(255) NOT NULL,
  `barang_kode` varchar(255) NOT NULL,
  `code_sn` varchar(255) DEFAULT NULL,
  `customer_id` varchar(255) NOT NULL,
  `bm_tanggal` varchar(255) NOT NULL,
  `bm_jumlah` varchar(255) NOT NULL,
  `created_at` timestamp NULL DEFAULT NULL,
  `updated_at` timestamp NULL DEFAULT NULL
) ENGINE=InnoDB DEFAULT CHARSET=utf8mb4 COLLATE=utf8mb4_unicode_ci;

-- --------------------------------------------------------

--
-- Table structure for table `tbl_customer`
--

CREATE TABLE `tbl_customer` (
  `customer_id` int(10) UNSIGNED NOT NULL,
  `customer_nama` varchar(255) NOT NULL,
  `customer_slug` varchar(255) NOT NULL,
  `customer_alamat` text DEFAULT NULL,
  `customer_notelp` varchar(255) DEFAULT NULL,
  `created_at` timestamp NULL DEFAULT NULL,
  `updated_at` timestamp NULL DEFAULT NULL
) ENGINE=InnoDB DEFAULT CHARSET=utf8mb4 COLLATE=utf8mb4_unicode_ci;

--
-- Dumping data for table `tbl_customer`
--

INSERT INTO `tbl_customer` (`customer_id`, `customer_nama`, `customer_slug`, `customer_alamat`, `customer_notelp`, `created_at`, `updated_at`) VALUES
(2, 'FIBERNET PUSAT', 'fibernet-pusat', NULL, NULL, '2022-11-25 17:36:34', '2025-11-30 17:13:07'),
(4, 'SHOPEE', 'shopee', NULL, NULL, '2025-11-30 18:17:57', '2025-11-30 18:28:02'),
(5, 'LAZADA', 'lazada', NULL, NULL, '2025-11-30 18:28:13', '2025-11-30 18:28:13'),
(6, 'TOKO BANGUNAN', 'toko-bangunan', NULL, NULL, '2025-11-30 18:28:30', '2025-11-30 18:28:30');

-- --------------------------------------------------------

--
-- Table structure for table `tbl_jenisbarang`
--

CREATE TABLE `tbl_jenisbarang` (
  `jenisbarang_id` int(255) UNSIGNED NOT NULL,
  `jenisbarang_nama` varchar(255) NOT NULL,
  `jenisbarang_slug` varchar(255) NOT NULL,
  `jenisbarang_ket` text DEFAULT NULL,
  `created_at` timestamp NULL DEFAULT NULL,
  `updated_at` timestamp NULL DEFAULT NULL
) ENGINE=InnoDB DEFAULT CHARSET=utf8mb4 COLLATE=utf8mb4_unicode_ci;

--
-- Dumping data for table `tbl_jenisbarang`
--

INSERT INTO `tbl_jenisbarang` (`jenisbarang_id`, `jenisbarang_nama`, `jenisbarang_slug`, `jenisbarang_ket`, `created_at`, `updated_at`) VALUES
(15, 'Router', 'router', NULL, '2025-11-27 17:14:07', '2025-11-27 17:14:07'),
(16, 'SFP', 'sfp', NULL, '2025-11-27 17:14:17', '2025-11-27 17:14:17'),
(17, 'Access Point', 'access-point', NULL, '2025-11-27 17:14:28', '2025-11-27 17:14:28'),
(18, 'Kabel Data Kabel UTP', 'kabel-data-kabel-utp', NULL, '2025-11-27 17:14:54', '2025-11-27 17:14:54'),
(19, 'Accessoris FO', 'accessoris-fo', NULL, '2025-11-27 17:16:08', '2025-11-27 17:16:08'),
(20, 'Kabel FO', 'kabel-fo', NULL, '2025-11-27 17:16:20', '2025-11-27 17:16:20'),
(21, 'Perangkat Pembelian AM', 'perangkat-pembelian-am', NULL, '2025-11-27 17:16:47', '2025-11-27 17:16:47'),
(22, 'BTS Mini Pemda', 'bts-mini-pemda', NULL, '2025-11-27 17:17:06', '2025-11-30 04:50:02'),
(23, 'BTS Banjarmasin yang Lama', 'bts-banjarmasin-yang-lama', NULL, '2025-11-27 17:17:21', '2025-11-27 17:17:21'),
(24, 'Perangkat Wireless', 'perangkat-wireless', NULL, '2025-11-27 18:39:43', '2025-11-27 18:40:33');

-- --------------------------------------------------------

--
-- Table structure for table `tbl_menu`
--

CREATE TABLE `tbl_menu` (
  `menu_id` int(10) UNSIGNED NOT NULL,
  `menu_judul` varchar(255) NOT NULL,
  `menu_slug` varchar(255) NOT NULL,
  `menu_icon` varchar(255) NOT NULL,
  `menu_redirect` varchar(255) NOT NULL,
  `menu_sort` varchar(255) NOT NULL,
  `menu_type` varchar(255) NOT NULL,
  `created_at` timestamp NULL DEFAULT NULL,
  `updated_at` timestamp NULL DEFAULT NULL
) ENGINE=InnoDB DEFAULT CHARSET=utf8mb4 COLLATE=utf8mb4_unicode_ci;

--
-- Dumping data for table `tbl_menu`
--

INSERT INTO `tbl_menu` (`menu_id`, `menu_judul`, `menu_slug`, `menu_icon`, `menu_redirect`, `menu_sort`, `menu_type`, `created_at`, `updated_at`) VALUES
(1667444041, 'Dashboard', 'dashboard', 'home', '/dashboard', '1', '1', '2022-11-15 02:51:04', '2022-11-15 02:51:04'),
(1668509889, 'Master Barang', 'master-barang', 'package', '-', '2', '2', '2022-11-15 02:58:09', '2022-11-15 03:03:15'),
(1668510437, 'Transaksi', 'transaksi', 'repeat', '-', '4', '2', '2022-11-15 03:07:17', '2022-11-25 07:37:36'),
(1668510568, 'Laporan', 'laporan', 'printer', '-', '5', '2', '2022-11-15 03:09:28', '2025-11-30 18:19:15'),
(1669390641, 'Customer', 'customer', 'user', '/customer', '3', '1', '2022-11-25 07:37:21', '2025-11-30 18:21:19');

-- --------------------------------------------------------

--
-- Table structure for table `tbl_merk`
--

CREATE TABLE `tbl_merk` (
  `merk_id` int(10) UNSIGNED NOT NULL,
  `merk_nama` varchar(255) NOT NULL,
  `merk_slug` varchar(255) NOT NULL,
  `merk_keterangan` varchar(255) DEFAULT NULL,
  `created_at` timestamp NULL DEFAULT NULL,
  `updated_at` timestamp NULL DEFAULT NULL
) ENGINE=InnoDB DEFAULT CHARSET=utf8mb4 COLLATE=utf8mb4_unicode_ci;

--
-- Dumping data for table `tbl_merk`
--

INSERT INTO `tbl_merk` (`merk_id`, `merk_nama`, `merk_slug`, `merk_keterangan`, `created_at`, `updated_at`) VALUES
(1, '-', '-', NULL, '2022-11-15 10:14:09', '2025-11-27 17:19:59');

-- --------------------------------------------------------

--
-- Table structure for table `tbl_role`
--

CREATE TABLE `tbl_role` (
  `role_id` int(10) UNSIGNED NOT NULL,
  `role_title` varchar(255) NOT NULL,
  `role_slug` varchar(255) NOT NULL,
  `role_desc` text DEFAULT NULL,
  `created_at` timestamp NULL DEFAULT NULL,
  `updated_at` timestamp NULL DEFAULT NULL
) ENGINE=InnoDB DEFAULT CHARSET=utf8mb4 COLLATE=utf8mb4_unicode_ci;

--
-- Dumping data for table `tbl_role`
--

INSERT INTO `tbl_role` (`role_id`, `role_title`, `role_slug`, `role_desc`, `created_at`, `updated_at`) VALUES
(1, 'Super Admin', 'super-admin', '-', '2022-11-15 02:51:04', '2022-11-15 02:51:04'),
(2, 'Admin', 'admin', '-', '2022-11-15 02:51:04', '2022-11-15 02:51:04'),
(3, 'Operator', 'operator', '-', '2022-11-15 02:51:04', '2022-11-15 02:51:04'),
(4, 'Manajer', 'manajer', NULL, '2022-12-06 01:33:27', '2022-12-06 01:33:27');

-- --------------------------------------------------------

--
-- Table structure for table `tbl_satuan`
--

CREATE TABLE `tbl_satuan` (
  `satuan_id` int(10) UNSIGNED NOT NULL,
  `satuan_nama` varchar(255) NOT NULL,
  `satuan_slug` varchar(255) NOT NULL,
  `satuan_keterangan` varchar(255) DEFAULT NULL,
  `created_at` timestamp NULL DEFAULT NULL,
  `updated_at` timestamp NULL DEFAULT NULL
) ENGINE=InnoDB DEFAULT CHARSET=utf8mb4 COLLATE=utf8mb4_unicode_ci;

--
-- Dumping data for table `tbl_satuan`
--

INSERT INTO `tbl_satuan` (`satuan_id`, `satuan_nama`, `satuan_slug`, `satuan_keterangan`, `created_at`, `updated_at`) VALUES
(8, 'Meter', 'meter', '-', '2025-11-24 00:31:16', '2025-11-27 17:19:18'),
(9, 'Unit', 'unit', NULL, '2025-11-27 17:17:56', '2025-11-27 17:17:56'),
(10, 'Hop', 'hop', NULL, '2025-11-27 17:18:06', '2025-11-27 17:18:06'),
(11, 'Pcs', 'pcs', NULL, '2025-11-27 17:18:32', '2025-11-27 17:18:32'),
(12, 'Roll', 'roll', NULL, '2025-11-27 17:18:39', '2025-11-27 17:18:39');

-- --------------------------------------------------------

--
-- Table structure for table `tbl_submenu`
--

CREATE TABLE `tbl_submenu` (
  `submenu_id` int(10) UNSIGNED NOT NULL,
  `menu_id` varchar(255) NOT NULL,
  `submenu_judul` varchar(255) NOT NULL,
  `submenu_slug` varchar(255) NOT NULL,
  `submenu_redirect` varchar(255) NOT NULL,
  `submenu_sort` varchar(255) NOT NULL,
  `created_at` timestamp NULL DEFAULT NULL,
  `updated_at` timestamp NULL DEFAULT NULL
) ENGINE=InnoDB DEFAULT CHARSET=utf8mb4 COLLATE=utf8mb4_unicode_ci;

--
-- Dumping data for table `tbl_submenu`
--

INSERT INTO `tbl_submenu` (`submenu_id`, `menu_id`, `submenu_judul`, `submenu_slug`, `submenu_redirect`, `submenu_sort`, `created_at`, `updated_at`) VALUES
(9, '1668510437', 'Barang Masuk', 'barang-masuk', '/barang-masuk', '1', '2022-11-15 03:08:19', '2022-11-15 03:08:19'),
(10, '1668510437', 'Barang Keluar', 'barang-keluar', '/barang-keluar', '2', '2022-11-15 03:08:19', '2022-11-15 03:08:19'),
(17, '1668509889', 'Jenis', 'jenis', '/jenisbarang', '1', '2022-11-24 04:06:48', '2022-11-24 04:06:48'),
(18, '1668509889', 'Satuan', 'satuan', '/satuan', '2', '2022-11-24 04:06:48', '2022-11-24 04:06:48'),
(19, '1668509889', 'Merk', 'merk', '/merk', '3', '2022-11-24 04:06:48', '2022-11-24 04:06:48'),
(20, '1668509889', 'Barang', 'barang', '/barang', '4', '2022-11-24 04:06:48', '2022-11-24 04:06:48'),
(24, '1668510568', 'Lap Barang Masuk', 'lap-barang-masuk', '/lap-barang-masuk', '1', '2025-11-30 18:19:15', '2025-11-30 18:19:15'),
(25, '1668510568', 'Lap Barang Keluar', 'lap-barang-keluar', '/lap-barang-keluar', '2', '2025-11-30 18:19:15', '2025-11-30 18:19:15'),
(26, '1668510568', 'Lap Stok Barang', 'lap-stok-barang', '/lap-stok-barang', '3', '2025-11-30 18:19:15', '2025-11-30 18:19:15');

-- --------------------------------------------------------

--
-- Table structure for table `tbl_user`
--

CREATE TABLE `tbl_user` (
  `user_id` int(10) UNSIGNED NOT NULL,
  `role_id` varchar(255) NOT NULL,
  `user_nmlengkap` varchar(255) NOT NULL,
  `user_nama` varchar(255) NOT NULL,
  `user_email` varchar(255) NOT NULL,
  `user_foto` varchar(255) NOT NULL,
  `user_password` varchar(255) NOT NULL,
  `created_at` timestamp NULL DEFAULT NULL,
  `updated_at` timestamp NULL DEFAULT NULL
) ENGINE=InnoDB DEFAULT CHARSET=utf8mb4 COLLATE=utf8mb4_unicode_ci;

--
-- Dumping data for table `tbl_user`
--

INSERT INTO `tbl_user` (`user_id`, `role_id`, `user_nmlengkap`, `user_nama`, `user_email`, `user_foto`, `user_password`, `created_at`, `updated_at`) VALUES
(1, '1', 'Super Administrator', 'superadmin', 'superadmin@gmail.com', 'undraw_profile.svg', '25d55ad283aa400af464c76d713c07ad', '2022-11-15 02:51:04', '2022-11-15 02:51:04'),
(2, '2', 'Administrator', 'admin', 'admin@gmail.com', 'undraw_profile.svg', '25d55ad283aa400af464c76d713c07ad', '2022-11-15 02:51:04', '2022-11-15 02:51:04'),
(3, '3', 'Operator', 'operator', 'operator@gmail.com', 'undraw_profile.svg', '25d55ad283aa400af464c76d713c07ad', '2022-11-15 02:51:04', '2022-11-15 02:51:04'),
(4, '4', 'Manajer', 'manajer', 'manajer@gmail.com', 'ubYV7C0kNt33AO9DngpJJSLXgNVBLlzcwEK7er5i.png', '25d55ad283aa400af464c76d713c07ad', '2022-12-06 01:33:54', '2025-11-30 18:12:03');

-- --------------------------------------------------------

--
-- Table structure for table `tbl_web`
--

CREATE TABLE `tbl_web` (
  `web_id` int(10) UNSIGNED NOT NULL,
  `web_nama` varchar(255) NOT NULL,
  `web_logo` varchar(255) NOT NULL,
  `web_deskripsi` varchar(255) DEFAULT NULL,
  `created_at` timestamp NULL DEFAULT NULL,
  `updated_at` timestamp NULL DEFAULT NULL
) ENGINE=InnoDB DEFAULT CHARSET=utf8mb4 COLLATE=utf8mb4_unicode_ci;

--
-- Dumping data for table `tbl_web`
--

INSERT INTO `tbl_web` (`web_id`, `web_nama`, `web_logo`, `web_deskripsi`, `created_at`, `updated_at`) VALUES
(1, 'WAREHOUSE', 'Qpd1eS6uxsL7WJGTRgFLLpDSKhFuTeb2O4eKbSqB.png', 'Mengelola Data Barang Masuk & Barang Keluar', '2022-11-15 02:51:04', '2025-11-23 22:38:27');

--
-- Indexes for dumped tables
--

--
-- Indexes for table `failed_jobs`
--
ALTER TABLE `failed_jobs`
  ADD PRIMARY KEY (`id`),
  ADD UNIQUE KEY `failed_jobs_uuid_unique` (`uuid`);

--
-- Indexes for table `migrations`
--
ALTER TABLE `migrations`
  ADD PRIMARY KEY (`id`);

--
-- Indexes for table `personal_access_tokens`
--
ALTER TABLE `personal_access_tokens`
  ADD PRIMARY KEY (`id`),
  ADD UNIQUE KEY `personal_access_tokens_token_unique` (`token`),
  ADD KEY `personal_access_tokens_tokenable_type_tokenable_id_index` (`tokenable_type`,`tokenable_id`);

--
-- Indexes for table `tbl_akses`
--
ALTER TABLE `tbl_akses`
  ADD PRIMARY KEY (`akses_id`);

--
-- Indexes for table `tbl_appreance`
--
ALTER TABLE `tbl_appreance`
  ADD PRIMARY KEY (`appreance_id`);

--
-- Indexes for table `tbl_barang`
--
ALTER TABLE `tbl_barang`
  ADD PRIMARY KEY (`barang_id`,`barang_kode`,`barang_nama`,`barang_harga`,`barang_stok`);

--
-- Indexes for table `tbl_barangkeluar`
--
ALTER TABLE `tbl_barangkeluar`
  ADD PRIMARY KEY (`bk_id`);

--
-- Indexes for table `tbl_barangmasuk`
--
ALTER TABLE `tbl_barangmasuk`
  ADD PRIMARY KEY (`bm_id`);

--
-- Indexes for table `tbl_customer`
--
ALTER TABLE `tbl_customer`
  ADD PRIMARY KEY (`customer_id`);

--
-- Indexes for table `tbl_jenisbarang`
--
ALTER TABLE `tbl_jenisbarang`
  ADD PRIMARY KEY (`jenisbarang_id`);

--
-- Indexes for table `tbl_menu`
--
ALTER TABLE `tbl_menu`
  ADD PRIMARY KEY (`menu_id`);

--
-- Indexes for table `tbl_merk`
--
ALTER TABLE `tbl_merk`
  ADD PRIMARY KEY (`merk_id`);

--
-- Indexes for table `tbl_role`
--
ALTER TABLE `tbl_role`
  ADD PRIMARY KEY (`role_id`);

--
-- Indexes for table `tbl_satuan`
--
ALTER TABLE `tbl_satuan`
  ADD PRIMARY KEY (`satuan_id`);

--
-- Indexes for table `tbl_submenu`
--
ALTER TABLE `tbl_submenu`
  ADD PRIMARY KEY (`submenu_id`);

--
-- Indexes for table `tbl_user`
--
ALTER TABLE `tbl_user`
  ADD PRIMARY KEY (`user_id`);

--
-- Indexes for table `tbl_web`
--
ALTER TABLE `tbl_web`
  ADD PRIMARY KEY (`web_id`);

--
-- AUTO_INCREMENT for dumped tables
--

--
-- AUTO_INCREMENT for table `failed_jobs`
--
ALTER TABLE `failed_jobs`
  MODIFY `id` bigint(20) UNSIGNED NOT NULL AUTO_INCREMENT;

--
-- AUTO_INCREMENT for table `migrations`
--
ALTER TABLE `migrations`
  MODIFY `id` int(10) UNSIGNED NOT NULL AUTO_INCREMENT, AUTO_INCREMENT=19;

--
-- AUTO_INCREMENT for table `personal_access_tokens`
--
ALTER TABLE `personal_access_tokens`
  MODIFY `id` bigint(20) UNSIGNED NOT NULL AUTO_INCREMENT;

--
-- AUTO_INCREMENT for table `tbl_akses`
--
ALTER TABLE `tbl_akses`
  MODIFY `akses_id` int(10) UNSIGNED NOT NULL AUTO_INCREMENT, AUTO_INCREMENT=908;

--
-- AUTO_INCREMENT for table `tbl_appreance`
--
ALTER TABLE `tbl_appreance`
  MODIFY `appreance_id` int(10) UNSIGNED NOT NULL AUTO_INCREMENT, AUTO_INCREMENT=3;

--
-- AUTO_INCREMENT for table `tbl_barang`
--
ALTER TABLE `tbl_barang`
  MODIFY `barang_id` int(255) NOT NULL AUTO_INCREMENT, AUTO_INCREMENT=66;

--
-- AUTO_INCREMENT for table `tbl_barangkeluar`
--
ALTER TABLE `tbl_barangkeluar`
  MODIFY `bk_id` int(10) UNSIGNED NOT NULL AUTO_INCREMENT, AUTO_INCREMENT=8;

--
-- AUTO_INCREMENT for table `tbl_barangmasuk`
--
ALTER TABLE `tbl_barangmasuk`
  MODIFY `bm_id` int(10) UNSIGNED NOT NULL AUTO_INCREMENT, AUTO_INCREMENT=39;

--
-- AUTO_INCREMENT for table `tbl_customer`
--
ALTER TABLE `tbl_customer`
  MODIFY `customer_id` int(10) UNSIGNED NOT NULL AUTO_INCREMENT, AUTO_INCREMENT=7;

--
-- AUTO_INCREMENT for table `tbl_jenisbarang`
--
ALTER TABLE `tbl_jenisbarang`
  MODIFY `jenisbarang_id` int(255) UNSIGNED NOT NULL AUTO_INCREMENT, AUTO_INCREMENT=25;

--
-- AUTO_INCREMENT for table `tbl_menu`
--
ALTER TABLE `tbl_menu`
  MODIFY `menu_id` int(10) UNSIGNED NOT NULL AUTO_INCREMENT, AUTO_INCREMENT=1669390642;

--
-- AUTO_INCREMENT for table `tbl_merk`
--
ALTER TABLE `tbl_merk`
  MODIFY `merk_id` int(10) UNSIGNED NOT NULL AUTO_INCREMENT, AUTO_INCREMENT=9;

--
-- AUTO_INCREMENT for table `tbl_role`
--
ALTER TABLE `tbl_role`
  MODIFY `role_id` int(10) UNSIGNED NOT NULL AUTO_INCREMENT, AUTO_INCREMENT=5;

--
-- AUTO_INCREMENT for table `tbl_satuan`
--
ALTER TABLE `tbl_satuan`
  MODIFY `satuan_id` int(10) UNSIGNED NOT NULL AUTO_INCREMENT, AUTO_INCREMENT=13;

--
-- AUTO_INCREMENT for table `tbl_submenu`
--
ALTER TABLE `tbl_submenu`
  MODIFY `submenu_id` int(10) UNSIGNED NOT NULL AUTO_INCREMENT, AUTO_INCREMENT=27;

--
-- AUTO_INCREMENT for table `tbl_user`
--
ALTER TABLE `tbl_user`
  MODIFY `user_id` int(10) UNSIGNED NOT NULL AUTO_INCREMENT, AUTO_INCREMENT=5;

--
-- AUTO_INCREMENT for table `tbl_web`
--
ALTER TABLE `tbl_web`
  MODIFY `web_id` int(10) UNSIGNED NOT NULL AUTO_INCREMENT, AUTO_INCREMENT=2;
COMMIT;

/*!40101 SET CHARACTER_SET_CLIENT=@OLD_CHARACTER_SET_CLIENT */;
/*!40101 SET CHARACTER_SET_RESULTS=@OLD_CHARACTER_SET_RESULTS */;
/*!40101 SET COLLATION_CONNECTION=@OLD_COLLATION_CONNECTION */;
